[[{"name":"food","amount":0},
	{"name":"stone","amount":0},
	{"name":"wood","amount":0},
	{"name":"coconuts","amount":0}],
[{"id":0,"title":"Build shelter","requirements":[{"resID":2,"amount":10},{"resID":1,"amount":5}],"canComplete":false,"completed":false,"unlocked":true},
	{"id":1,"title":"Build 'HELP ME' sign","requirements":[{"resID":1,"amount":25}],"canComplete":false,"completed":false,"unlocked":false},
	{"id":2,"title":"Start a fire","requirements":[{"resID":2,"amount":50}],"canComplete":false,"completed":false,"unlocked":false},
	{"id":3,"title":"Build a flag","requirements":[{"resID":2,"amount":75}],"canComplete":false,"completed":false,"unlocked":false},
	{"id":4,"title":"Escape the island","requirements":[{"resID":3,"amount":100}],"canComplete":false,"completed":false,"unlocked":false}],
[{"name":"Tom","image":"img/survivors/surv0.png","busy":false,"actions":3,"unlocked":true},
	{"name":"Dwayne","image":"img/survivors/surv1.png","busy":false,"actions":3,"unlocked":false},
	{"name":"Arnold","image":"img/survivors/surv2.png","busy":false,"actions":3,"unlocked":false},
	{"name":"Johnny","image":"img/survivors/surv3.png","busy":false,"actions":3,"unlocked":false},
	{"name":"Wilson","image":"img/survivors/surv4.png","busy":false,"actions":3,"unlocked":false}],
[{"name":"rocks","resID":1,"time":1000,"reward":5,"occupied":false},
	{"name":"crabs","resID":0,"time":1000,"reward":5,"occupied":false},
	{"name":"palms","resID":3,"time":1000,"reward":5,"occupied":false},
	{"name":"bush-1","resID":2,"time":1000,"reward":5,"occupied":false},
	{"name":"bush-2","resID":2,"time":1000,"reward":5,"occupied":false}],
[{"name":"Crab trap","description":"Generates 1 food every day.","requirements":[{"resID":1,"amount":3},{"resID":2,"amount":2}],"unlocked":false, "crafted":0, "resID":0, "amount":1},
{"name":"Coconut net","description":"Generates 1 coconut every day.","requirements":[{"resID":1,"amount":2},{"resID":2,"amount":3}],"unlocked":false, "crafted":0, "resID":3, "amount":1}]]